{
  "project_info": {
    "project_number": "547607623726",
    "project_id": "chat-app-75c42",
    "storage_bucket": "chat-app-75c42.firebasestorage.app"
  },
  "client": [
    {
      "client_info": {
        "mobilesdk_app_id": "1:547607623726:android:31c29a8d6dd77f792e47bf",
        "android_client_info": {
          "package_name": "com.example.chatapp"
        }
      },
      "oauth_client": [],
      "api_key": [
        {
          "current_key": "AIzaSyAjhtRBfWEE9BcX3Aof1bTRIO49_sd7-Dg"
        }
      ],
      "services": {
        "appinvite_service": {
          "other_platform_oauth_client": []
        }
      }
    }
  ],
  "configuration_version": "1"
}